Refcode,Delta_conformational_energy(kJ/mol),Rel_free_energy,Rugosity
XXIII-E-qha,-0.10698912480449962,1.4,-0.208448911591802
XXIII-N18-qha,4.081234730208507,2.2,-0.2429848333127366
XXIII-N31-qha,2.6255319312440406e-05,2.1,-0.21087378949206195
XXIII-N39-qha,-0.11447180006916824,4.3,-0.2751363209381552
XXIII-N42-qha,-5.1906922650907745,3.0,-0.18748901912338767
XXIII-N4-qha,-0.1143930347082005,2.5,-0.1894836326729823
XXIII-N6-qha,9.765731034816667,1.5,-0.2010508186167091
XXIII-N70-qha,0.0,0.0,-0.24938843206089073
XXIII-N85-qha,-7.876476399815147e-05,4.1,-0.24122254770789645
