Refcode,Delta_strain_energy(kJ/mol),Rel_free_energy,Rugosity
XXIII-E-qha,2.290223649620316,1.4,-0.208448911591802
XXIII-N18-qha,1.9710941248738436,2.2,-0.2429848333127366
XXIII-N31-qha,-3.324434355104472,2.1,-0.21087378949206195
XXIII-N39-qha,-3.5622783998412615,4.3,-0.2751363209381552
XXIII-N42-qha,-2.2785139198826982,3.0,-0.18748901912338767
XXIII-N4-qha,2.0104766244759276,2.5,-0.1894836326729823
XXIII-N6-qha,6.323543004725934,1.5,-0.2010508186167091
XXIII-N70-qha,0.0,0.0,-0.24938843206089073
XXIII-N85-qha,-2.9647146003948137,4.1,-0.24122254770789645
