Refcode,Delta_conformational_energy(kJ/mol),Rel_free_energy,Rugosity,Delta_strain_energy(kJ/mol)
XXIII-E-qha,-0.1069891248044996,1.4,-0.208448911591802,2.290223649620316
XXIII-N18-qha,4.081234730208507,2.2,-0.2429848333127366,1.971094124873844
XXIII-N31-qha,2.625531931244041e-05,2.1,-0.2108737894920619,-3.324434355104472
XXIII-N39-qha,-0.1144718000691682,4.3,-0.2751363209381552,-3.562278399841261
XXIII-N42-qha,-5.190692265090775,3.0,-0.1874890191233876,-2.2785139198826982
XXIII-N4-qha,-0.1143930347082005,2.5,-0.1894836326729823,2.010476624475928
XXIII-N6-qha,9.765731034816667,1.5,-0.2010508186167091,6.323543004725934
XXIII-N70-qha,0.0,0.0,-0.2493884320608907,0.0
XXIII-N85-qha,-7.876476399815147e-05,4.1,-0.2412225477078964,-2.9647146003948137
